{"cameraMode":{"drawMode":0,"name":"Shaded","section":"Shading Mode"},"sceneLighting":true,"audioPlay":false,"sceneViewState":{"m_AlwaysRefresh":false,"showFog":true,"showSkybox":true,"showFlares":true,"showImageEffects":true,"showParticleSystems":true,"showVisualEffectGraphs":true,"m_FxEnabled":true},"in2DMode":false,"pivot":{"x":-141.78675842285157,"y":-4.52398157119751,"z":145.785888671875},"rotation":{"x":-0.022549664601683618,"y":0.37286752462387087,"z":-0.009076587855815888,"w":-0.9276077151298523},"size":110.76614379882813,"orthographic":false}